Volunteer_ID,First_Name,Last_Name,Mobile_No,Email_ID,House_No,Street_Name,City,State,Zip
VOL1,Zephania,Tyson,9022873444,posuere@eu.com,HG-1,Greater Kailash,New Delhi,New Delhi,110048
VOL2,Lewis,Herring,4387620904,amet@molestie.ca,HG-2,Shivaji Park,New Delhi,New Delhi,110026
VOL3,Lara,Hall,2613371409,Phasellus@laoreetposuere.ca,HG-3,Tekhand,New Delhi,New Delhi,110020
VOL4,Caleb,Wilkins,7005185521,pulvinar.arcu.et@etrutrumeu.co.uk,HG-4,Bakoli,New Delhi,New Delhi,110036
VOL5,Camden,Yates,5585606674,eleifend.nunc.risus@ut.ca,HG-5,Chirag Delhi,New Delhi,New Delhi,110017
VOL6,Nicole,Stevenson,6458043669,non.magna@famesac.ca,HG-6,Shivaji Park,New Delhi,New Delhi,110032
VOL7,Mira,Hays,3593174095,dolor@Sed.edu,HG-7,Sagarpur,New Delhi,New Delhi,110046
VOL8,Petra,Buckner,789428934,torquent.per@Inscelerisquescelerisque.edu,HG-8,Dabri,New Delhi,New Delhi,110045
VOL9,Benjamin,Hughes,4403412736,faucibus.ut@magnatellusfaucibus.co.uk,HG-9,New Friends Colony,New Delhi,New Delhi,110025
VOL10,Quinn,Schneider,9779491522,Quisque@Nulla.edu,HG-10,Patel Nagar,New Delhi,New Delhi,110008
VOL11,Sydnee,Poole,1463594079,malesuada.vel@quam.com,HG-11,Ansari Nagar,New Delhi,New Delhi,110029
VOL12,Summer,French,2097156139,eget.metus@ipsumcursus.com,HG-12,Rajokari,New Delhi,New Delhi,110038
VOL13,Brock,Gay,8673038651,sit.amet@tellus.net,HG-13,Rani Bagh,New Delhi,New Delhi,110034
VOL14,Emerald,Todd,1356493733,Maecenas@elit.co.uk,HG-14,Yusuf Sarai,New Delhi,New Delhi,110013
VOL15,Dana,Hobbs,2276754711,In.faucibus.Morbi@sitamet.org,HG-15,Kamla Nagar,New Delhi,New Delhi,110007
VOL16,Brody,Dixon,2611049660,nunc@leoMorbi.co.uk,HG-16,Palam Airport,New Delhi,New Delhi,110037
VOL17,Xenos,Conway,8628720594,enim.Curabitur.massa@malesuadaaugueut.edu,HG-17,Jahangir Puri,New Delhi,New Delhi,110033
VOL18,Dominic,Douglas,3727342958,libero.Integer@dictum.org,HG-18,Mehrauli,New Delhi,New Delhi,110030
VOL19,Jayme,Rios,576246308,amet.lorem@liberoProinmi.org,HG-19,Krishna Nagar,New Delhi,New Delhi,110051
VOL20,Dale,Walker,8941228515,Aenean@atarcuVestibulum.edu,HG-20,Pratap Market,New Delhi,New Delhi,110014
VOL21,Uriel,Roman,4525071675,parturient.montes@ultricesVivamus.edu,HG-21,Moti Bagh,New Delhi,New Delhi,110021
VOL22,Austin,Charles,4976773647,Mauris.molestie@diamPellentesquehabitant.org,HG-22,Delhi Cantt,New Delhi,New Delhi,110010
VOL23,Kameko,Levine,8062511897,ut.erat.Sed@ligulaAeneaneuismod.co.uk,HG-23,Indra Puri,New Delhi,New Delhi,110012
VOL24,Rana,Wells,5397486237,lobortis@interdum.net,HG-24,Karol Bagh,New Delhi,New Delhi,110005
VOL25,Carla,Gardner,1303892644,lacinia@lectusNullamsuscipit.co.uk,HG-25,RK Puram,New Delhi,New Delhi,110022
VOL26,Hashim,Palmer,6995991558,vulputate@eros.org,HG-26,IIT,New Delhi,New Delhi,110016
VOL27,Plato,Higgins,9978809224,justo@dictumcursus.org,HG-27,Rashtrapati Bhavan,New Delhi,New Delhi,110004
VOL28,Caldwell,Saunders,458224154,mattis.Cras@cubiliaCurae.org,HG-28,Sarojini Nagar,New Delhi,New Delhi,110023
VOL29,Rina,Cleveland,2167160556,ornare.Fusce.mollis@adipiscingfringilla.org,HG-29,Karam Pura,New Delhi,New Delhi,110015
VOL30,Gwendolyn,Sykes,8210069304,vel.mauris@inmagnaPhasellus.org,HG-30,Nirman Bhawan,New Delhi,New Delhi,110011
VOL31,Brent,Fisher,4767566495,rutrum.urna@hendreritid.co.uk,HG-31,Naraina Village & Industrial Area,New Delhi,New Delhi,110028
VOL32,Norman,Hubbard,2535769720,sed.est@parturientmontesnascetur.net,HG-32,Gautam Nagar,New Delhi,New Delhi,110049
VOL33,Tanek,Merritt,6088291625,Duis.volutpat.nunc@magnisdisparturient.org,HG-33,Mandi,New Delhi,New Delhi,110047
VOL34,Randall,Shelton,1781556573,dapibus.id@turpisnec.ca,HG-34,Lodi Colony,New Delhi,New Delhi,110003
VOL35,Noah,Hansen,9279899997,suscipit.est@euismodmauriseu.com,HG-35,Rajouri Garden,New Delhi,New Delhi,110027
VOL36,Daphne,Mccarthy,7501984823,Curabitur.vel@CuraeDonec.co.uk,HG-36,Chawri Bazar,New Delhi,New Delhi,110006
VOL37,Jenette,Blankenship,3648956520,tristique@vitaesodalesnisi.org,HG-37,Najafgarh,New Delhi,New Delhi,110043
VOL38,Tarik,Finch,5644054564,condimentum.eget.volutpat@Sedetlibero.co.uk,HG-38,Narela,New Delhi,New Delhi,110040
VOL39,Ciaran,Hubbard,9192340218,quam@aclibero.org,HG-39,Lajpat Nagar,New Delhi,New Delhi,110024
VOL40,Mallory,Weaver,8290748380,in.sodales@Aliquamtincidunt.ca,HG-40,Darya Ganj,New Delhi,New Delhi,110002
VOL41,Deborah,Carson,5398462186,mauris@Seddiamlorem.co.uk,HG-41,GTB Nagar,New Delhi,New Delhi,110009
VOL42,Walker,Green,3553848987,nulla.at.sem@inmagnaPhasellus.ca,HG-42,Geeta Colony,New Delhi,New Delhi,110031
VOL43,Sylvia,Cochran,9598779487,pellentesque@lacusCras.net,HG-43,Bawana,New Delhi,New Delhi,110039
VOL44,Herman,Knowles,2508018364,sem.Nulla@urna.ca,HG-44,Badarpur,New Delhi,New Delhi,110044
VOL45,Joan,Hurst,4783456184,luctus.vulputate@eutempor.net,HG-45,Janpath,New Delhi,New Delhi,110001
VOL46,Cassady,Hogan,8666073089,non.massa@sodalesnisi.ca,HG-46,Tilak Nagar,New Delhi,New Delhi,110018
VOL47,Cruz,Vega,2592460001,nulla.Integer@lacus.ca,HG-47,Badli,New Delhi,New Delhi,110042
VOL48,Lenore,Langley,7742338413,tellus@mi.net,HG-48,Nehru Place,New Delhi,New Delhi,110019
VOL49,Vivien,Christian,6998423406,rutrum.justo@ligula.com,HG-49,Nangloi,New Delhi,New Delhi,110041
VOL50,Jane,Odom,539529803,porttitor@fermentum.org,HG-50,Keshav Puram,New Delhi,New Delhi,110035