HW_ID,First_Name,Last_Name,Designation,Mobile_No,House_No,Street_Name,City,State,Zip,Service_Cost
HW1,Alysa,Bohlje,Nurse,5124301997,IA-1,Greater Kailash,New Delhi,New Delhi,110048,220
HW2,Astrix,Curson,Nurse,4128511862,IA-2,Shivaji Park,New Delhi,New Delhi,110026,140
HW3,Winna,Elstob,Nurse,7864018717,IA-3,Tekhand,New Delhi,New Delhi,110020,280
HW4,Trumaine,Robard,Doctor,5207561417,IA-4,Bakoli,New Delhi,New Delhi,110036,380
HW5,Abey,Wanell,Doctor,2816714830,IA-5,Chirag Delhi,New Delhi,New Delhi,110017,380
HW6,Kitty,Pardie,Nurse,9192430886,IA-6,Shivaji Park,New Delhi,New Delhi,110032,180
HW7,Muffin,Haysom,Doctor,5712720547,IA-7,Sagarpur,New Delhi,New Delhi,110046,110
HW8,Pammy,Mapson,Nurse,2565876676,IA-8,Dabri,New Delhi,New Delhi,110045,170
HW9,Aleda,Bannon,Doctor,5718103035,IA-9,New Friends Colony,New Delhi,New Delhi,110025,370
HW10,Prudence,Hartland,Nurse,3147700318,IA-10,Patel Nagar,New Delhi,New Delhi,110008,470
HW11,Torey,Harberer,Nurse,3054034636,IA-11,Ansari Nagar,New Delhi,New Delhi,110029,300
HW12,Brendis,Adicot,Nurse,4804018309,IA-12,Rajokari,New Delhi,New Delhi,110038,300
HW13,Paolo,Stiller,Nurse,7147126444,IA-13,Rani Bagh,New Delhi,New Delhi,110034,360
HW14,Leann,Roche,Nurse,4232750215,IA-14,Yusuf Sarai,New Delhi,New Delhi,110013,370
HW15,Milissent,Schruurs,Nurse,7578597381,IA-15,Kamla Nagar,New Delhi,New Delhi,110007,220
HW16,Zabrina,MacDunlevy,Doctor,4123382968,IA-16,Palam Airport,New Delhi,New Delhi,110037,470
HW17,Jens,Karle,Nurse,9529604431,IA-17,Jahangir Puri,New Delhi,New Delhi,110033,210
HW18,Dmitri,Vlahos,Doctor,8137794199,IA-18,Mehrauli,New Delhi,New Delhi,110030,200
HW19,Jobyna,Honeywood,Doctor,6465324395,IA-19,Krishna Nagar,New Delhi,New Delhi,110051,210
HW20,Cristy,Faires,Nurse,2122070463,IA-20,Pratap Market,New Delhi,New Delhi,110014,450
HW21,Margette,Arrault,Nurse,8658924050,IA-21,Moti Bagh,New Delhi,New Delhi,110021,410
HW22,Cynthy,Kabos,Nurse,7021612934,IA-22,Delhi Cantt,New Delhi,New Delhi,110010,370
HW23,Hollis,Sennett,Nurse,6105195153,IA-23,Indra Puri,New Delhi,New Delhi,110012,160
HW24,Kirbie,Phillpot,Nurse,6264955652,IA-24,Karol Bagh,New Delhi,New Delhi,110005,270
HW25,Avictor,Meus,Nurse,3025140934,IA-25,RK Puram,New Delhi,New Delhi,110022,480
HW26,Dyana,Hurran,Doctor,8065974025,IA-26,IIT,New Delhi,New Delhi,110016,220
HW27,Leigh,Tooth,Nurse,6025459676,IA-27,Rashtrapati Bhavan,New Delhi,New Delhi,110004,100
HW28,Mart,Polland,Doctor,9015017664,IA-28,Sarojini Nagar,New Delhi,New Delhi,110023,470
HW29,Celina,Lusk,Doctor,5209272926,IA-29,Karam Pura,New Delhi,New Delhi,110015,420
HW30,Launce,Shailer,Nurse,5704871007,IA-30,Nirman Bhawan,New Delhi,New Delhi,110011,210
HW31,Lisbeth,Kenrack,Nurse,7044528990,IA-31,Naraina Village & Industrial Area,New Delhi,New Delhi,110028,220
HW32,Josh,Trow,Doctor,6177791153,IA-32,Gautam Nagar,New Delhi,New Delhi,110049,100
HW33,Robbyn,Rhubottom,Nurse,6506313335,IA-33,Mandi,New Delhi,New Delhi,110047,390
HW34,Ruy,D'Antoni,Nurse,5132554895,IA-34,Lodi Colony,New Delhi,New Delhi,110003,480
HW35,Abdel,Gatecliff,Nurse,9154009956,IA-35,Rajouri Garden,New Delhi,New Delhi,110027,470
HW36,Casper,Sell,Nurse,7167548793,IA-36,Chawri Bazar,New Delhi,New Delhi,110006,410
HW37,Gustav,Burlingham,Doctor,7066529005,IA-37,Najafgarh,New Delhi,New Delhi,110043,270
HW38,Robyn,Kirimaa,Doctor,7275672815,IA-38,Narela,New Delhi,New Delhi,110040,230
HW39,Paulita,McNiff,Doctor,8126109316,IA-39,Lajpat Nagar,New Delhi,New Delhi,110024,200
HW40,Stephanus,Broomhead,Nurse,8168485672,IA-40,Darya Ganj,New Delhi,New Delhi,110002,480
HW41,Estelle,Padrick,Doctor,9045880765,IA-41,GTB Nagar,New Delhi,New Delhi,110009,350
HW42,Marta,Corrado,Nurse,7172821641,IA-42,Geeta Colony,New Delhi,New Delhi,110031,240
HW43,Addy,Voelker,Nurse,7209559687,IA-43,Bawana,New Delhi,New Delhi,110039,250
HW44,Brockie,Picheford,Nurse,9709338126,IA-44,Badarpur,New Delhi,New Delhi,110044,200
HW45,Chrystel,Weeden,Doctor,8033051309,IA-45,Janpath,New Delhi,New Delhi,110001,300
HW46,Vilma,Abbot,Nurse,9155004590,IA-46,Tilak Nagar,New Delhi,New Delhi,110018,300
HW47,Rivi,Jaggli,Doctor,8064322918,IA-47,Badli,New Delhi,New Delhi,110042,230
HW48,Dodie,Ollcott,Doctor,2343698275,IA-48,Nehru Place,New Delhi,New Delhi,110019,280
HW49,Helen,Folkes,Doctor,5041614399,IA-49,Nangloi,New Delhi,New Delhi,110041,400
HW50,Bastian,Pocknoll,Nurse,4147466175,IA-50,Keshav Puram,New Delhi,New Delhi,110035,460